CODCARPR,TIPO_CARRERA,JORNADA_MAT,VERSION,CODIGO_SIES_FINAL,CONFIANZA,NOTAS,CODIGO_UNICO,NOMBRE_CARRERA,TIPO_PLAN_CARRERA,DURACION_ESTUDIOS,DURACION_TOTAL,MODALIDAD,JORNADA_OF,COD_SEDE,NOMBRE_SEDE,VIGENCIA,tp_esperado_src,tp_match,jornada_da_num,jornada_consistente
ADMP,ADMINISTRACION PUBLICA,O,V1,I162S2C83J4V1,95%,Mapeo online,I162S2C83J4V1,ADMINISTRACION PUBLICA,1,8,8,3,4,2,CASA CENTRAL (SANTIAGO),1,1,True,4,True
ADMP,ADMINISTRACION PUBLICA,O,V2,I162S2C83J4V2,95%,Mapeo online,I162S2C83J4V2,ADMINISTRACION PUBLICA,3,4,4,3,4,2,CASA CENTRAL (SANTIAGO),1,1,False,4,True
AUDT,AUDITORIA,O,V1,I162S2C86J4V1,95%,Mapeo online,I162S2C86J4V1,AUDITORIA,1,8,8,3,4,2,CASA CENTRAL (SANTIAGO),1,1,True,4,True
AUDT,AUDITORIA,O,V2,I162S2C86J4V2,95%,Mapeo online,I162S2C86J4V2,AUDITORIA,3,4,4,3,4,2,CASA CENTRAL (SANTIAGO),1,1,False,4,True
CADMP,CONTINUIDAD ADMINISTRACION PUBLICA,O,V2,I162S2C83J4V2,95%,Mapeo online,I162S2C83J4V2,ADMINISTRACION PUBLICA,3,4,4,3,4,2,CASA CENTRAL (SANTIAGO),1,3,True,4,True
CAUDT,CONTINUIDAD AUDITORIA,O,V2,I162S2C86J4V2,95%,Mapeo online,I162S2C86J4V2,AUDITORIA,3,4,4,3,4,2,CASA CENTRAL (SANTIAGO),1,3,True,4,True
CIACI,CONTINUIDAD INGENIERIA AUTOMATIZACION Y CONTROL INDUSTRIAL,O,V2,I162S2C22J4V2,95%,Mapeo online,I162S2C22J4V2,INGENIERIA EN AUTOMATIZACION Y CONTROL INDUSTRIAL,3,4,4,3,4,2,CASA CENTRAL (SANTIAGO),1,3,True,4,True
CIADM,CONTINUIDAD INGENIERIA ADMINISTRACION DE EMPRESAS,O,V2,I162S2C76J4V2,95%,Mapeo online,I162S2C76J4V2,INGENIERIA EN ADMINISTRACION DE EMPRESAS,3,4,4,3,4,2,CASA CENTRAL (SANTIAGO),1,3,True,4,True
CICDA,CONTINUIDAD INGENIERIA CIENCIA DE DATOS,O,V2,I162S2C88J4V2,95%,Mapeo online,I162S2C88J4V2,INGENIERIA EN CIENCIA DE DATOS,3,4,4,3,4,2,CASA CENTRAL (SANTIAGO),1,3,True,4,True
CICIB,CONTINUIDAD INGENIERIA CIBERSEGURIDAD,O,V1,I162S2C46J4V1,95%,Mapeo online,I162S2C46J4V1,INGENIERIA EN CIBERSEGURIDAD,3,4,4,3,4,2,CASA CENTRAL (SANTIAGO),1,3,True,4,True
CICIB,CONTINUIDAD INGENIERIA CIBERSEGURIDAD,V,V3,I162S2C46J2V3,100%,Mapeo oficial,I162S2C46J2V3,INGENIERIA EN CIBERSEGURIDAD,3,4,4,1,2,2,CASA CENTRAL (SANTIAGO),1,3,True,2,True
CICRE,CONTINUIDAD INGENIERIA CONECTIVIDAD Y REDES,O,V3,I162S2C3J4V3,95%,Mapeo online,I162S2C3J4V3,INGENIERIA EN CONECTIVIDAD Y REDES,3,4,4,3,4,2,CASA CENTRAL (SANTIAGO),1,3,True,4,True
CICRE,CONTINUIDAD INGENIERIA CONECTIVIDAD Y REDES,V,V3,I162S2C3J2V3,100%,Mapeo oficial,I162S2C3J2V3,INGENIERIA EN CONECTIVIDAD Y REDES,3,4,4,1,2,2,CASA CENTRAL (SANTIAGO),1,3,True,2,True
CIFIN,CONTINUIDAD INGENIERIA FINANZAS,O,V2,I162S2C111J4V2,95%,Mapeo online,I162S2C111J4V2,INGENIERIA EN FINANZAS,3,4,4,3,4,2,CASA CENTRAL (SANTIAGO),1,3,True,4,True
CIIND,CONTINUIDAD INGENIERIA INDUSTRIAL,O,V2,I162S2C22J4V2,95%,Mapeo online,I162S2C22J4V2,INGENIERIA EN AUTOMATIZACION Y CONTROL INDUSTRIAL,3,4,4,3,4,2,CASA CENTRAL (SANTIAGO),1,3,True,4,True
CIINF,CONTINUIDAD INGENIERIA INFORMATICA,O,V3,I162S2C1J4V3,95%,Mapeo online,I162S2C1J4V3,INGENIERIA EN INFORMATICA,3,4,4,3,4,2,CASA CENTRAL (SANTIAGO),1,3,True,4,True
CILOG,CONTINUIDAD INGENIERIA LOGISTICA,O,V2,I162S2C77J4V2,95%,Mapeo online,I162S2C77J4V2,INGENIERIA EN LOGISTICA,3,4,4,3,4,2,CASA CENTRAL (SANTIAGO),1,3,True,4,True
CIMDI,CONTINUIDAD INGENIERIA MARKETING DIGITAL,O,V2,I162S2C112J4V2,95%,Mapeo online,I162S2C112J4V2,INGENIERIA EN MARKETING DIGITAL,3,4,4,3,4,2,CASA CENTRAL (SANTIAGO),1,3,True,4,True
CIPRE,CONTINUIDAD EN PREVENCION DE RIESGOS,O,V2,I162S2C124J4V2,95%,Mapeo online,I162S2C124J4V2,INGENIERIA EN PREVENCION DE RIESGOS,3,4,4,3,4,2,CASA CENTRAL (SANTIAGO),1,3,True,4,True
CIRHU,CONTINUIDAD INGENIERIA RECURSOS HUMANOS,O,V2,I162S2C113J4V2,95%,Mapeo online,I162S2C113J4V2,INGENIERIA EN RECURSOS HUMANOS,3,4,4,3,4,2,CASA CENTRAL (SANTIAGO),1,3,True,4,True
CISEP,CONTINUIDAD INGENIERIA EN SEGURIDAD PRIVADA,O,V2,I162S2C125J4V2,95%,Mapeo online,I162S2C125J4V2,INGENIERIA EN SEGURIDAD PRIVADA,3,4,4,3,4,2,CASA CENTRAL (SANTIAGO),1,3,True,4,True
CNATP,CONTINUIDAD NATUROPATIA,V,V1,I162S2C90J2V1,100%,Mapeo oficial,I162S2C90J2V1,NATUROPATIA,3,4,4,1,2,2,CASA CENTRAL (SANTIAGO),1,3,True,2,True
CNATP,CONTINUIDAD NATUROPATIA,V,V2,I162S2C90J2V2,100%,Mapeo oficial,I162S2C90J2V2,NATUROPATIA,1,8,8,1,2,2,CASA CENTRAL (SANTIAGO),1,3,False,2,True
CONG,CONTABILIDAD GENERAL,O,V1,I162S2C85J4V1,95%,Mapeo online,I162S2C85J4V1,CONTABILIDAD GENERAL,1,5,5,3,4,2,CASA CENTRAL (SANTIAGO),1,3,False,4,True
COTEIQ,TECNICO EN ENFERMERIA E INSTRUMENTACION QUIRURGICA,V,V1,I162S2C114J2V1,100%,Mapeo oficial,I162S2C114J2V1,TECNICO EN ENFERMERIA E INSTRUMENTACION QUIRURGICA,1,5,5,1,2,2,CASA CENTRAL (SANTIAGO),1,3,False,2,True
COTENS,TECNICO EN ENFERMERIA,D,V1,I162S2C91J1V1,100%,Mapeo oficial,I162S2C91J1V1,TECNICO EN ENFERMERIA,1,5,5,1,1,2,CASA CENTRAL (SANTIAGO),1,3,False,1,True
COTENS,TECNICO EN ENFERMERIA,V,V1,I162S2C91J2V1,100%,Mapeo oficial,I162S2C91J2V1,TECNICO EN ENFERMERIA,1,5,5,1,2,2,CASA CENTRAL (SANTIAGO),1,3,False,2,True
COTFAR,TECNICO EN FARMACIA,V,V1,I162S2C115J2V1,100%,Mapeo oficial,I162S2C115J2V1,TECNICO EN FARMACIA,1,5,5,1,2,2,CASA CENTRAL (SANTIAGO),1,3,False,2,True
DACD,DIPLOMADO EN ARQUITECTURA CLOUD,O,V1,I162S2C63J4V1,95%,Mapeo online,I162S2C63J4V1,DIPLOMADO EN ARQUITECTURA CLOUD,1,1,1,3,4,2,CASA CENTRAL (SANTIAGO),1,1,True,4,True
DCBS,DIPLOMADO EN CIBERSEGURIDAD,O,V1,I162S2C53J3V1,95%,Mapeo online,I162S2C53J3V1,DIPLOMADO EN CIBERSEGURIDAD APLICADA,1,1,1,2,3,2,CASA CENTRAL (SANTIAGO),1,1,True,4,False
DDSC,DIPLOMADO EN DATA SCIENCE,O,V1,I162S2C97J4V1,95%,Mapeo online,I162S2C97J4V1,DIPLOMADO EN SUPPLY CHAIN MANAGEMENT Y MINERIA DE REQUERIMIENTOS,1,1,1,3,4,2,CASA CENTRAL (SANTIAGO),1,1,True,4,True
DFSK,DIPLOMADO EN FULLSTACK,O,V1,I162S2C66J4V1,95%,Mapeo online,I162S2C66J4V1,DIPLOMADO EN FULLSTACK,1,1,1,3,4,2,CASA CENTRAL (SANTIAGO),1,1,True,4,True
DGDA,DIPLOMADO EN GOBERNANZA DE DATOS,O,V1,I162S2C96J4V1,95%,Mapeo online,I162S2C96J4V1,DIPLOMADO EN GOBERNANZA DE DATOS,1,1,1,3,4,2,CASA CENTRAL (SANTIAGO),1,1,True,4,True
DIAR,DIPLOMADO EN INTELIGENCIA ARTIFICIAL,O,V1,I162S2C95J4V1,95%,Mapeo online,I162S2C95J4V1,DIPLOMADO EN INTELIGENCIA ARTIFICIAL,1,1,1,3,4,2,CASA CENTRAL (SANTIAGO),1,1,True,4,True
DICD,DIPLOMADO EN INFRAESTRUCTURA CLOUD,O,V1,I162S2C69J4V1,95%,Mapeo online,I162S2C69J4V1,DIPLOMADO INFRAESTRUCTURA CLOUD,1,1,1,3,4,2,CASA CENTRAL (SANTIAGO),1,1,True,4,True
DQAS,DIPLOMADO EN QUALITY ASSURANCE,O,V1,I162S2C67J4V1,95%,Mapeo online,I162S2C67J4V1,DIPLOMADO EN QUALITY ASSURANCE,1,1,1,3,4,2,CASA CENTRAL (SANTIAGO),1,1,True,4,True
DRID,DIPLOMADO EN REDES INDUSTRIALES,O,V1,I162S2C70J4V1,95%,Mapeo online,I162S2C70J4V1,DIPLOMADO REDES INDUSTRIALES,1,1,1,3,4,2,CASA CENTRAL (SANTIAGO),1,1,True,4,True
DSCM,DIPLOMADO EN SUPPLY CHAIN MANAGEMENT Y MINERIA DE REQUERIMIENTOS,O,V1,I162S2C97J4V1,95%,Mapeo online,I162S2C97J4V1,DIPLOMADO EN SUPPLY CHAIN MANAGEMENT Y MINERIA DE REQUERIMIENTOS,1,1,1,3,4,2,CASA CENTRAL (SANTIAGO),1,1,True,4,True
DSFA,DIPLOMADO EN SALUD FAMILIAR CON ENFOQUE COMUNITARIO,O,V1,I162S2C101J4V1,95%,Mapeo online,I162S2C101J4V1,DIPLOMADO EN SALUD FAMILIAR CON ENFOQUE COMUNITARIO,1,1,1,3,4,2,CASA CENTRAL (SANTIAGO),1,1,True,4,True
DSOF,DIPLOMADO EN SEGURIDAD OFENSIVA,O,V1,I162S2C68J4V1,95%,Mapeo online,I162S2C68J4V1,DIPLOMADO EN SEGURIDAD OFENSIVA,1,1,1,3,4,2,CASA CENTRAL (SANTIAGO),1,1,True,4,True
IACI,INGENIERIA EN AUTOMATIZACION Y CONTROL INDUSTRIAL,D,V1,I162S2C22J2V1,100%,Mapeo oficial,I162S2C22J2V1,INGENIERIA EN AUTOMATIZACION Y CONTROL INDUSTRIAL,1,8,8,1,2,2,CASA CENTRAL (SANTIAGO),1,1,True,1,False
IACI,INGENIERIA EN AUTOMATIZACION Y CONTROL INDUSTRIAL,D,V2,I162S2C22J2V2,100%,Mapeo oficial,I162S2C22J2V2,INGENIERIA EN AUTOMATIZACION Y CONTROL INDUSTRIAL,3,4,4,1,2,2,CASA CENTRAL (SANTIAGO),1,1,False,1,False
IACI,INGENIERIA EN AUTOMATIZACION Y CONTROL INDUSTRIAL,O,V1,I162S2C22J4V1,95%,Mapeo online,I162S2C22J4V1,INGENIERIA EN AUTOMATIZACION Y CONTROL INDUSTRIAL,1,8,8,3,4,2,CASA CENTRAL (SANTIAGO),1,1,True,4,True
IACI,INGENIERIA EN AUTOMATIZACION Y CONTROL INDUSTRIAL,O,V2,I162S2C22J4V2,95%,Mapeo online,I162S2C22J4V2,INGENIERIA EN AUTOMATIZACION Y CONTROL INDUSTRIAL,3,4,4,3,4,2,CASA CENTRAL (SANTIAGO),1,1,False,4,True
IADM,INGENIERIA EN ADMINISTRACION DE EMPRESAS,D,V1,I162S2C76J2V1,100%,Mapeo oficial,I162S2C76J2V1,INGENIERIA EN ADMINISTRACION DE EMPRESAS,1,8,8,1,2,2,CASA CENTRAL (SANTIAGO),1,1,True,1,False
IADM,INGENIERIA EN ADMINISTRACION DE EMPRESAS,O,V1,I162S2C76J4V1,95%,Mapeo online,I162S2C76J4V1,INGENIERIA EN ADMINISTRACION DE EMPRESAS,1,8,8,3,4,2,CASA CENTRAL (SANTIAGO),1,1,True,4,True
IADM,INGENIERIA EN ADMINISTRACION DE EMPRESAS,O,V2,I162S2C76J4V2,95%,Mapeo online,I162S2C76J4V2,INGENIERIA EN ADMINISTRACION DE EMPRESAS,3,4,4,3,4,2,CASA CENTRAL (SANTIAGO),1,1,False,4,True
IADM,INGENIERIA EN ADMINISTRACION DE EMPRESAS,V,V1,I162S2C76J2V1,100%,Mapeo oficial,I162S2C76J2V1,INGENIERIA EN ADMINISTRACION DE EMPRESAS,1,8,8,1,2,2,CASA CENTRAL (SANTIAGO),1,1,True,2,True
ICDA,INGENIERIA EN CIENCIA DE DATOS,O,V1,I162S2C88J4V1,95%,Mapeo online,I162S2C88J4V1,INGENIERIA EN CIENCIA DE DATOS,1,8,8,3,4,2,CASA CENTRAL (SANTIAGO),1,1,True,4,True
ICDA,INGENIERIA EN CIENCIA DE DATOS,O,V2,I162S2C88J4V2,95%,Mapeo online,I162S2C88J4V2,INGENIERIA EN CIENCIA DE DATOS,3,4,4,3,4,2,CASA CENTRAL (SANTIAGO),1,1,False,4,True
ICIB,INGENIERIA EN CIBERSEGURIDAD,D,V1,I162S2C46J1V1,100%,Mapeo oficial,I162S2C46J1V1,INGENIERIA EN CIBERSEGURIDAD,1,8,8,1,1,2,CASA CENTRAL (SANTIAGO),1,1,True,1,True
ICIB,INGENIERIA EN CIBERSEGURIDAD,D,V3,I162S2C46J2V3,100%,Mapeo oficial,I162S2C46J2V3,INGENIERIA EN CIBERSEGURIDAD,3,4,4,1,2,2,CASA CENTRAL (SANTIAGO),1,1,False,1,False
ICIB,INGENIERIA EN CIBERSEGURIDAD,O,V1,I162S2C46J4V1,95%,Mapeo online,I162S2C46J4V1,INGENIERIA EN CIBERSEGURIDAD,3,4,4,3,4,2,CASA CENTRAL (SANTIAGO),1,1,False,4,True
ICIB,INGENIERIA EN CIBERSEGURIDAD,O,V2,I162S2C46J4V2,95%,Mapeo online,I162S2C46J4V2,INGENIERIA EN CIBERSEGURIDAD,3,5,5,3,4,2,CASA CENTRAL (SANTIAGO),1,1,False,4,True
ICIB,INGENIERIA EN CIBERSEGURIDAD,O,V3,I162S2C46J4V3,95%,Mapeo online,I162S2C46J4V3,INGENIERIA EN CIBERSEGURIDAD,1,8,8,3,4,2,CASA CENTRAL (SANTIAGO),1,1,True,4,True
ICIB,INGENIERIA EN CIBERSEGURIDAD,V,V1,I162S2C46J2V1,100%,Mapeo oficial,I162S2C46J2V1,INGENIERIA EN CIBERSEGURIDAD,1,8,8,1,2,2,CASA CENTRAL (SANTIAGO),1,1,True,2,True
ICIB,INGENIERIA EN CIBERSEGURIDAD,V,V2,I162S2C46J2V2,100%,Mapeo oficial,I162S2C46J2V2,INGENIERIA EN CIBERSEGURIDAD,3,5,5,1,2,2,CASA CENTRAL (SANTIAGO),1,1,False,2,True
ICIB,INGENIERIA EN CIBERSEGURIDAD,V,V3,I162S2C46J2V3,100%,Mapeo oficial,I162S2C46J2V3,INGENIERIA EN CIBERSEGURIDAD,3,4,4,1,2,2,CASA CENTRAL (SANTIAGO),1,1,False,2,True
ICRE,INGENIERIA EN CONECTIVIDAD Y REDES,D,V1,I162S2C3J2V1,100%,Mapeo oficial,I162S2C3J2V1,INGENIERIA EN CONECTIVIDAD Y REDES,1,8,8,1,2,2,CASA CENTRAL (SANTIAGO),1,1,True,1,False
ICRE,INGENIERIA EN CONECTIVIDAD Y REDES,D,V2,I162S2C3J1V2,100%,Mapeo oficial,I162S2C3J1V2,INGENIERIA EN CONECTIVIDAD Y REDES,1,8,8,1,1,2,CASA CENTRAL (SANTIAGO),1,1,True,1,True
ICRE,INGENIERIA EN CONECTIVIDAD Y REDES,D,V3,I162S2C3J2V3,100%,Mapeo oficial,I162S2C3J2V3,INGENIERIA EN CONECTIVIDAD Y REDES,3,4,4,1,2,2,CASA CENTRAL (SANTIAGO),1,1,False,1,False
ICRE,INGENIERIA EN CONECTIVIDAD Y REDES,D,V4,I162S2C3J2V4,100%,Mapeo oficial,I162S2C3J2V4,INGENIERIA EN CONECTIVIDAD Y REDES,1,8,8,1,2,2,CASA CENTRAL (SANTIAGO),1,1,True,1,False
ICRE,INGENIERIA EN CONECTIVIDAD Y REDES,O,V2,I162S2C3J4V2,95%,Mapeo online,I162S2C3J4V2,INGENIERIA EN CONECTIVIDAD Y REDES,1,8,8,3,4,2,CASA CENTRAL (SANTIAGO),1,1,True,4,True
ICRE,INGENIERIA EN CONECTIVIDAD Y REDES,V,V1,I162S2C3J2V1,100%,Mapeo oficial,I162S2C3J2V1,INGENIERIA EN CONECTIVIDAD Y REDES,1,8,8,1,2,2,CASA CENTRAL (SANTIAGO),1,1,True,2,True
ICRE,INGENIERIA EN CONECTIVIDAD Y REDES,V,V2,I162S2C3J2V2,100%,Mapeo oficial,I162S2C3J2V2,INGENIERIA EN CONECTIVIDAD Y REDES,3,5,5,1,2,2,CASA CENTRAL (SANTIAGO),1,1,False,2,True
ICRE,INGENIERIA EN CONECTIVIDAD Y REDES,V,V3,I162S2C3J2V3,100%,Mapeo oficial,I162S2C3J2V3,INGENIERIA EN CONECTIVIDAD Y REDES,3,4,4,1,2,2,CASA CENTRAL (SANTIAGO),1,1,False,2,True
ICRE,INGENIERIA EN CONECTIVIDAD Y REDES,V,V4,I162S2C3J2V4,100%,Mapeo oficial,I162S2C3J2V4,INGENIERIA EN CONECTIVIDAD Y REDES,1,8,8,1,2,2,CASA CENTRAL (SANTIAGO),1,1,True,2,True
IECIRE,INGENIERIA EN INFORMATICA,D,V1,I162S2C1J1V1,100%,Mapeo oficial,I162S2C1J1V1,INGENIERIA EN INFORMATICA,1,8,8,1,1,2,CASA CENTRAL (SANTIAGO),1,1,True,1,True
IECIRE,INGENIERIA EN INFORMATICA,O,V1,I162S2C1J4V1,95%,Mapeo online,I162S2C1J4V1,INGENIERIA EN INFORMATICA,1,8,8,3,4,2,CASA CENTRAL (SANTIAGO),1,1,True,4,True
IECIRE,INGENIERIA EN INFORMATICA,V,V1,I162S2C1J2V1,100%,Mapeo oficial,I162S2C1J2V1,INGENIERIA EN INFORMATICA,1,8,8,1,2,2,CASA CENTRAL (SANTIAGO),1,1,True,2,True
IECIRE,INGENIERIA EN INFORMATICA,V,V4,I162S2C1J2V4,100%,Mapeo oficial,I162S2C1J2V4,INGENIERIA EN INFORMATICA,1,8,8,1,2,2,CASA CENTRAL (SANTIAGO),1,1,True,2,True
IECIREOL,INGENIERIA EN INFORMATICA,O,V1,I162S2C1J4V1,95%,Mapeo online,I162S2C1J4V1,INGENIERIA EN INFORMATICA,1,8,8,3,4,2,CASA CENTRAL (SANTIAGO),1,1,True,4,True
IECIREOL,INGENIERIA EN INFORMATICA,O,V2,I162S2C1J4V2,95%,Mapeo online,I162S2C1J4V2,INGENIERIA EN INFORMATICA,1,8,8,3,4,2,CASA CENTRAL (SANTIAGO),1,1,True,4,True
IECSRE,INGENIERIA EN CIBERSEGURIDAD,D,V1,I162S2C46J2V1,100%,Mapeo oficial,I162S2C46J2V1,INGENIERIA EN CIBERSEGURIDAD,1,8,8,1,2,2,CASA CENTRAL (SANTIAGO),1,1,True,1,False
IECSRE,INGENIERIA EN CIBERSEGURIDAD,V,V1,I162S2C46J2V1,100%,Mapeo oficial,I162S2C46J2V1,INGENIERIA EN CIBERSEGURIDAD,1,8,8,1,2,2,CASA CENTRAL (SANTIAGO),1,1,True,2,True
IECSRE,INGENIERIA EN CIBERSEGURIDAD,V,V2,I162S2C46J2V2,100%,Mapeo oficial,I162S2C46J2V2,INGENIERIA EN CIBERSEGURIDAD,3,5,5,1,2,2,CASA CENTRAL (SANTIAGO),1,1,False,2,True
IECSRE,INGENIERIA EN CIBERSEGURIDAD,V,V3,I162S2C46J2V3,100%,Mapeo oficial,I162S2C46J2V3,INGENIERIA EN CIBERSEGURIDAD,3,4,4,1,2,2,CASA CENTRAL (SANTIAGO),1,1,False,2,True
IECSREOL,INGENIERIA EN CIBERSEGURIDAD,O,V1,I162S2C46J1V1,95%,Mapeo online,I162S2C46J1V1,INGENIERIA EN CIBERSEGURIDAD,1,8,8,1,1,2,CASA CENTRAL (SANTIAGO),1,1,True,4,False
IECSREOL,INGENIERIA EN CIBERSEGURIDAD,O,V2,I162S2C46J2V2,95%,Mapeo online,I162S2C46J2V2,INGENIERIA EN CIBERSEGURIDAD,3,5,5,1,2,2,CASA CENTRAL (SANTIAGO),1,1,False,4,False
IECSREOL,INGENIERIA EN CIBERSEGURIDAD,O,V3,I162S2C46J2V3,95%,Mapeo online,I162S2C46J2V3,INGENIERIA EN CIBERSEGURIDAD,3,4,4,1,2,2,CASA CENTRAL (SANTIAGO),1,1,False,4,False
IETMRE,INGENIERIA EN CONECTIVIDAD Y REDES,V,V2,I162S2C3J2V2,100%,Mapeo oficial,I162S2C3J2V2,INGENIERIA EN CONECTIVIDAD Y REDES,3,5,5,1,2,2,CASA CENTRAL (SANTIAGO),1,1,False,2,True
IETMRE,INGENIERIA EN CONECTIVIDAD Y REDES,V,V3,I162S2C3J2V3,100%,Mapeo oficial,I162S2C3J2V3,INGENIERIA EN CONECTIVIDAD Y REDES,3,4,4,1,2,2,CASA CENTRAL (SANTIAGO),1,1,False,2,True
IETMREOL,INGENIERIA EN CONECTIVIDAD Y REDES,O,V1,I162S2C3J4V1,95%,Mapeo online,I162S2C3J4V1,INGENIERIA EN CONECTIVIDAD Y REDES,1,8,8,3,4,2,CASA CENTRAL (SANTIAGO),1,1,True,4,True
IETMREOL,INGENIERIA EN CONECTIVIDAD Y REDES,O,V2,I162S2C3J4V2,95%,Mapeo online,I162S2C3J4V2,INGENIERIA EN CONECTIVIDAD Y REDES,1,8,8,3,4,2,CASA CENTRAL (SANTIAGO),1,1,True,4,True
IFIN,INGENIERIA EN FINANZAS,O,V1,I162S2C111J4V1,95%,Mapeo online,I162S2C111J4V1,INGENIERIA EN FINANZAS,1,8,8,3,4,2,CASA CENTRAL (SANTIAGO),1,1,True,4,True
IFIN,INGENIERIA EN FINANZAS,O,V2,I162S2C111J4V2,95%,Mapeo online,I162S2C111J4V2,INGENIERIA EN FINANZAS,3,4,4,3,4,2,CASA CENTRAL (SANTIAGO),1,1,False,4,True
IIND,INGENIERIA INDUSTRIAL,O,V1,I162S2C87J4V1,95%,Mapeo online,I162S2C87J4V1,INGENIERIA INDUSTRIAL,3,4,4,3,4,2,CASA CENTRAL (SANTIAGO),1,1,False,4,True
IIND,INGENIERIA INDUSTRIAL,O,V2,I162S2C87J4V2,95%,Mapeo online,I162S2C87J4V2,INGENIERIA INDUSTRIAL,1,8,8,3,4,2,CASA CENTRAL (SANTIAGO),1,1,True,4,True
IINF,INGENIERIA EN INFORMATICA,D,V1,I162S2C1J2V1,100%,Mapeo oficial,I162S2C1J2V1,INGENIERIA EN INFORMATICA,1,8,8,1,2,2,CASA CENTRAL (SANTIAGO),1,1,True,1,False
IINF,INGENIERIA EN INFORMATICA,D,V2,I162S2C1J2V2,100%,Mapeo oficial,I162S2C1J2V2,INGENIERIA EN INFORMATICA,3,5,5,1,2,2,CASA CENTRAL (SANTIAGO),1,1,False,1,False
IINF,INGENIERIA EN INFORMATICA,D,V3,I162S2C1J2V3,100%,Mapeo oficial,I162S2C1J2V3,INGENIERIA EN INFORMATICA,3,4,4,1,2,2,CASA CENTRAL (SANTIAGO),1,1,False,1,False
IINF,INGENIERIA EN INFORMATICA,D,V4,I162S2C1J2V4,100%,Mapeo oficial,I162S2C1J2V4,INGENIERIA EN INFORMATICA,1,8,8,1,2,2,CASA CENTRAL (SANTIAGO),1,1,True,1,False
IINF,INGENIERIA EN INFORMATICA,O,V2,I162S2C1J4V2,95%,Mapeo online,I162S2C1J4V2,INGENIERIA EN INFORMATICA,1,8,8,3,4,2,CASA CENTRAL (SANTIAGO),1,1,True,4,True
IINF,INGENIERIA EN INFORMATICA,V,V1,I162S2C1J2V1,100%,Mapeo oficial,I162S2C1J2V1,INGENIERIA EN INFORMATICA,1,8,8,1,2,2,CASA CENTRAL (SANTIAGO),1,1,True,2,True
IINF,INGENIERIA EN INFORMATICA,V,V4,I162S2C1J2V4,100%,Mapeo oficial,I162S2C1J2V4,INGENIERIA EN INFORMATICA,1,8,8,1,2,2,CASA CENTRAL (SANTIAGO),1,1,True,2,True
ILOG,INGENIERIA EN LOGISTICA,D,V1,I162S2C77J1V1,100%,Mapeo oficial,I162S2C77J1V1,INGENIERIA EN LOGISTICA,1,8,8,1,1,2,CASA CENTRAL (SANTIAGO),1,1,True,1,True
ILOG,INGENIERIA EN LOGISTICA,O,V1,I162S2C77J4V1,95%,Mapeo online,I162S2C77J4V1,INGENIERIA EN LOGISTICA,1,8,8,3,4,2,CASA CENTRAL (SANTIAGO),1,1,True,4,True
ILOG,INGENIERIA EN LOGISTICA,V,V1,I162S2C77J2V1,100%,Mapeo oficial,I162S2C77J2V1,INGENIERIA EN LOGISTICA,1,8,8,1,2,2,CASA CENTRAL (SANTIAGO),1,1,True,2,True
IMDI,INGENIERIA EN MARKETING DIGITAL,O,V1,I162S2C112J4V1,95%,Mapeo online,I162S2C112J4V1,INGENIERIA EN MARKETING DIGITAL,1,8,8,3,4,2,CASA CENTRAL (SANTIAGO),1,1,True,4,True
IMDI,INGENIERIA EN MARKETING DIGITAL,O,V2,I162S2C112J4V2,95%,Mapeo online,I162S2C112J4V2,INGENIERIA EN MARKETING DIGITAL,3,4,4,3,4,2,CASA CENTRAL (SANTIAGO),1,1,False,4,True
IPRE,INGENIERIA EN PREVENCION DE RIESGOS,O,V1,I162S2C124J4V1,95%,Mapeo online,I162S2C124J4V1,INGENIERIA EN PREVENCION DE RIESGOS,1,8,8,3,4,2,CASA CENTRAL (SANTIAGO),1,1,True,4,True
IPRE,INGENIERIA EN PREVENCION DE RIESGOS,O,V2,I162S2C124J4V2,95%,Mapeo online,I162S2C124J4V2,INGENIERIA EN PREVENCION DE RIESGOS,3,4,4,3,4,2,CASA CENTRAL (SANTIAGO),1,1,False,4,True
IRHU,INGENIERIA EN RECURSOS HUMANOS,O,V1,I162S2C113J4V1,95%,Mapeo online,I162S2C113J4V1,INGENIERIA EN RECURSOS HUMANOS,1,8,8,3,4,2,CASA CENTRAL (SANTIAGO),1,1,True,4,True
IRHU,INGENIERIA EN RECURSOS HUMANOS,O,V2,I162S2C113J4V2,95%,Mapeo online,I162S2C113J4V2,INGENIERIA EN RECURSOS HUMANOS,3,4,4,3,4,2,CASA CENTRAL (SANTIAGO),1,1,False,4,True
ISEP,INGENIERIA EN SEGURIDAD PRIVADA,O,V1,I162S2C125J4V1,95%,Mapeo online,I162S2C125J4V1,INGENIERIA EN SEGURIDAD PRIVADA,1,8,8,3,4,2,CASA CENTRAL (SANTIAGO),1,1,True,4,True
ISEP,INGENIERIA EN SEGURIDAD PRIVADA,O,V2,I162S2C125J4V2,95%,Mapeo online,I162S2C125J4V2,INGENIERIA EN SEGURIDAD PRIVADA,3,4,4,3,4,2,CASA CENTRAL (SANTIAGO),1,1,False,4,True
NATP,NATUROPATIA,V,V1,I162S2C90J2V1,100%,Mapeo oficial,I162S2C90J2V1,NATUROPATIA,3,4,4,1,2,2,CASA CENTRAL (SANTIAGO),1,1,False,2,True
NATP,NATUROPATIA,V,V2,I162S2C90J2V2,100%,Mapeo oficial,I162S2C90J2V2,NATUROPATIA,1,8,8,1,2,2,CASA CENTRAL (SANTIAGO),1,1,True,2,True
NETMRE,INGENIERIA EN CONECTIVIDAD Y REDES,D,V1,I162S2C3J1V1,100%,Mapeo oficial,I162S2C3J1V1,INGENIERIA EN CONECTIVIDAD Y REDES,1,8,8,1,1,2,CASA CENTRAL (SANTIAGO),1,1,True,1,True
NETMRE,INGENIERIA EN CONECTIVIDAD Y REDES,D,V2,I162S2C3J1V2,100%,Mapeo oficial,I162S2C3J1V2,INGENIERIA EN CONECTIVIDAD Y REDES,1,8,8,1,1,2,CASA CENTRAL (SANTIAGO),1,1,True,1,True
NETMRE,INGENIERIA EN CONECTIVIDAD Y REDES,O,V1,I162S2C3J4V1,95%,Mapeo online,I162S2C3J4V1,INGENIERIA EN CONECTIVIDAD Y REDES,1,8,8,3,4,2,CASA CENTRAL (SANTIAGO),1,1,True,4,True
NETMRE,INGENIERIA EN CONECTIVIDAD Y REDES,O,V2,I162S2C3J4V2,95%,Mapeo online,I162S2C3J4V2,INGENIERIA EN CONECTIVIDAD Y REDES,1,8,8,3,4,2,CASA CENTRAL (SANTIAGO),1,1,True,4,True
NETMRE,INGENIERIA EN CONECTIVIDAD Y REDES,V,V1,I162S2C3J2V1,100%,Mapeo oficial,I162S2C3J2V1,INGENIERIA EN CONECTIVIDAD Y REDES,1,8,8,1,2,2,CASA CENTRAL (SANTIAGO),1,1,True,2,True
NETMRE,INGENIERIA EN CONECTIVIDAD Y REDES,V,V4,I162S2C3J2V4,100%,Mapeo oficial,I162S2C3J2V4,INGENIERIA EN CONECTIVIDAD Y REDES,1,8,8,1,2,2,CASA CENTRAL (SANTIAGO),1,1,True,2,True
NITMRE,INGENIERIA EN CONECTIVIDAD Y REDES,D,V1,I162S2C3J1V1,100%,Mapeo oficial,I162S2C3J1V1,INGENIERIA EN CONECTIVIDAD Y REDES,1,8,8,1,1,2,CASA CENTRAL (SANTIAGO),1,1,True,1,True
NITMRE,INGENIERIA EN CONECTIVIDAD Y REDES,D,V2,I162S2C3J1V2,100%,Mapeo oficial,I162S2C3J1V2,INGENIERIA EN CONECTIVIDAD Y REDES,1,8,8,1,1,2,CASA CENTRAL (SANTIAGO),1,1,True,1,True
NITMRE,INGENIERIA EN CONECTIVIDAD Y REDES,V,V1,I162S2C3J2V1,100%,Mapeo oficial,I162S2C3J2V1,INGENIERIA EN CONECTIVIDAD Y REDES,1,8,8,1,2,2,CASA CENTRAL (SANTIAGO),1,1,True,2,True
NITMRE,INGENIERIA EN CONECTIVIDAD Y REDES,V,V4,I162S2C3J2V4,100%,Mapeo oficial,I162S2C3J2V4,INGENIERIA EN CONECTIVIDAD Y REDES,1,8,8,1,2,2,CASA CENTRAL (SANTIAGO),1,1,True,2,True
TACI,TECNICO EN AUTOMATIZACION Y CONTROL INDUSTRIAL,V,V1,I162S2C11J2V1,100%,Mapeo oficial,I162S2C11J2V1,TECNICO EN AUTOMATIZACION Y CONTROL INDUSTRIAL,1,5,5,1,2,2,CASA CENTRAL (SANTIAGO),1,1,True,2,True
TADP,TECNICO EN ADMINISTRACION PUBLICA,O,V1,I162S2C84J4V1,95%,Mapeo online,I162S2C84J4V1,TECNICO EN ADMINISTRACION PUBLICA,1,5,5,3,4,2,CASA CENTRAL (SANTIAGO),1,1,True,4,True
TAMD,TECNICO EN ADMINISTRACION DE EMPRESAS,D,V1,I162S2C78J1V1,100%,Mapeo oficial,I162S2C78J1V1,TECNICO EN ADMINISTRACION DE EMPRESAS,1,5,5,1,1,2,CASA CENTRAL (SANTIAGO),1,1,True,1,True
TAMD,TECNICO EN ADMINISTRACION DE EMPRESAS,O,V1,I162S2C78J4V1,95%,Mapeo online,I162S2C78J4V1,TECNICO EN ADMINISTRACION DE EMPRESAS,1,5,5,3,4,2,CASA CENTRAL (SANTIAGO),1,1,True,4,True
TAMD,TECNICO EN ADMINISTRACION DE EMPRESAS,V,V1,I162S2C78J2V1,100%,Mapeo oficial,I162S2C78J2V1,TECNICO EN ADMINISTRACION DE EMPRESAS,1,5,5,1,2,2,CASA CENTRAL (SANTIAGO),1,1,True,2,True
TCDA,TECNICO EN CIENCIA DE DATOS,O,V1,I162S2C89J4V1,95%,Mapeo online,I162S2C89J4V1,TECNICO EN CIENCIA DE DATOS,1,5,5,3,4,2,CASA CENTRAL (SANTIAGO),1,1,True,4,True
TCIB,TECNICO EN CIBERSEGURIDAD,D,V1,I162S2C47J2V1,100%,Mapeo oficial,I162S2C47J2V1,TECNICO EN CIBERSEGURIDAD,1,5,5,1,2,2,CASA CENTRAL (SANTIAGO),1,1,True,1,False
TCIB,TECNICO EN CIBERSEGURIDAD,O,V1,I162S2C47J4V1,95%,Mapeo online,I162S2C47J4V1,TECNICO EN CIBERSEGURIDAD,1,5,5,3,4,2,CASA CENTRAL (SANTIAGO),1,1,True,4,True
TCIB,TECNICO EN CIBERSEGURIDAD,V,V1,I162S2C47J2V1,100%,Mapeo oficial,I162S2C47J2V1,TECNICO EN CIBERSEGURIDAD,1,5,5,1,2,2,CASA CENTRAL (SANTIAGO),1,1,True,2,True
TCRE,TECNICO EN CONECTIVIDAD Y REDES,D,V1,I162S2C6J1V1,100%,Mapeo oficial,I162S2C6J1V1,TECNICO EN CONECTIVIDAD Y REDES,1,5,5,1,1,2,CASA CENTRAL (SANTIAGO),1,1,True,1,True
TCRE,TECNICO EN CONECTIVIDAD Y REDES,D,V2,I162S2C6J1V2,100%,Mapeo oficial,I162S2C6J1V2,TECNICO EN CONECTIVIDAD Y REDES,1,5,5,1,1,2,CASA CENTRAL (SANTIAGO),1,1,True,1,True
TCRE,TECNICO EN CONECTIVIDAD Y REDES,O,V2,I162S2C6J4V2,95%,Mapeo online,I162S2C6J4V2,TECNICO EN CONECTIVIDAD Y REDES,1,5,5,3,4,2,CASA CENTRAL (SANTIAGO),1,1,True,4,True
TCRE,TECNICO EN CONECTIVIDAD Y REDES,V,V1,I162S2C6J2V1,100%,Mapeo oficial,I162S2C6J2V1,TECNICO EN CONECTIVIDAD Y REDES,1,5,5,1,2,2,CASA CENTRAL (SANTIAGO),1,1,True,2,True
TCRE,TECNICO EN CONECTIVIDAD Y REDES,V,V2,I162S2C6J2V2,100%,Mapeo oficial,I162S2C6J2V2,TECNICO EN CONECTIVIDAD Y REDES,1,5,5,1,2,2,CASA CENTRAL (SANTIAGO),1,1,True,2,True
TCSRE,TECNICO EN CIBERSEGURIDAD,D,V1,I162S2C47J1V1,100%,Mapeo oficial,I162S2C47J1V1,TECNICO EN CIBERSEGURIDAD,1,5,5,1,1,2,CASA CENTRAL (SANTIAGO),1,1,True,1,True
TCSRE,TECNICO EN CIBERSEGURIDAD,V,V1,I162S2C47J2V1,100%,Mapeo oficial,I162S2C47J2V1,TECNICO EN CIBERSEGURIDAD,1,5,5,1,2,2,CASA CENTRAL (SANTIAGO),1,1,True,2,True
TCSREOL,TECNICO EN CIBERSEGURIDAD,O,V1,I162S2C47J4V1,95%,Mapeo online,I162S2C47J4V1,TECNICO EN CIBERSEGURIDAD,1,5,5,3,4,2,CASA CENTRAL (SANTIAGO),1,1,True,4,True
TEIQ,TECNICO EN ENFERMERIA E INSTRUMENTACION QUIRURGICA,V,V1,I162S2C114J2V1,100%,Mapeo oficial,I162S2C114J2V1,TECNICO EN ENFERMERIA E INSTRUMENTACION QUIRURGICA,1,5,5,1,2,2,CASA CENTRAL (SANTIAGO),1,1,True,2,True
TENS,TECNICO EN ENFERMERIA,D,V1,I162S2C91J2V1,100%,Mapeo oficial,I162S2C91J2V1,TECNICO EN ENFERMERIA,1,5,5,1,2,2,CASA CENTRAL (SANTIAGO),1,1,True,1,False
TENS,TECNICO EN ENFERMERIA,V,V1,I162S2C91J2V1,100%,Mapeo oficial,I162S2C91J2V1,TECNICO EN ENFERMERIA,1,5,5,1,2,2,CASA CENTRAL (SANTIAGO),1,1,True,2,True
TFAR,TECNICO EN FARMACIA,V,V1,I162S2C115J2V1,100%,Mapeo oficial,I162S2C115J2V1,TECNICO EN FARMACIA,1,5,5,1,2,2,CASA CENTRAL (SANTIAGO),1,1,True,2,True
TFIN,TECNICO EN FINANZAS,O,V1,I162S2C116J4V1,95%,Mapeo online,I162S2C116J4V1,TECNICO EN FINANZAS,1,5,5,3,4,2,CASA CENTRAL (SANTIAGO),1,1,True,4,True
TLOG,TECNICO EN LOGISTICA,D,V1,I162S2C79J1V1,100%,Mapeo oficial,I162S2C79J1V1,TECNICO EN LOGISTICA,1,5,5,1,1,2,CASA CENTRAL (SANTIAGO),1,1,True,1,True
TLOG,TECNICO EN LOGISTICA,O,V1,I162S2C79J4V1,95%,Mapeo online,I162S2C79J4V1,TECNICO EN LOGISTICA,1,5,5,3,4,2,CASA CENTRAL (SANTIAGO),1,1,True,4,True
TLOG,TECNICO EN LOGISTICA,V,V1,I162S2C79J2V1,100%,Mapeo oficial,I162S2C79J2V1,TECNICO EN LOGISTICA,1,5,5,1,2,2,CASA CENTRAL (SANTIAGO),1,1,True,2,True
TMDI,TECNICO EN MARKETING DIGITAL,O,V1,I162S2C118J4V1,95%,Mapeo online,I162S2C118J4V1,TECNICO EN MARKETING DIGITAL,1,5,5,3,4,2,CASA CENTRAL (SANTIAGO),1,1,True,4,True
TMIRE,TECNICO EN AUTOMATIZACION Y CONTROL INDUSTRIAL,V,V1,I162S2C11J2V1,100%,Mapeo oficial,I162S2C11J2V1,TECNICO EN AUTOMATIZACION Y CONTROL INDUSTRIAL,1,5,5,1,2,2,CASA CENTRAL (SANTIAGO),1,1,True,2,True
TPARE,TECNICO EN PROGRAMACION Y ANALISIS DE SISTEMAS,D,V1,I162S2C57J2V1,100%,Mapeo oficial,I162S2C57J2V1,TECNICO EN PROGRAMACION Y ANALISIS DE SISTEMAS,1,5,5,1,2,2,CASA CENTRAL (SANTIAGO),1,1,True,1,False
TPARE,TECNICO EN PROGRAMACION Y ANALISIS DE SISTEMAS,V,V1,I162S2C57J2V1,100%,Mapeo oficial,I162S2C57J2V1,TECNICO EN PROGRAMACION Y ANALISIS DE SISTEMAS,1,5,5,1,2,2,CASA CENTRAL (SANTIAGO),1,1,True,2,True
TPAREOL,TECNICO EN PROGRAMACION Y ANALISIS DE SISTEMAS,O,V1,I162S2C57J4V1,95%,Mapeo online,I162S2C57J4V1,TECNICO EN PROGRAMACION Y ANALISIS DE SISTEMAS,1,5,5,3,4,2,CASA CENTRAL (SANTIAGO),1,1,True,4,True
TPAS,TECNICO EN PROGRAMACION Y ANALISIS DE SISTEMAS,D,V1,I162S2C57J2V1,100%,Mapeo oficial,I162S2C57J2V1,TECNICO EN PROGRAMACION Y ANALISIS DE SISTEMAS,1,5,5,1,2,2,CASA CENTRAL (SANTIAGO),1,1,True,1,False
TPAS,TECNICO EN PROGRAMACION Y ANALISIS DE SISTEMAS,O,V1,I162S2C57J4V1,95%,Mapeo online,I162S2C57J4V1,TECNICO EN PROGRAMACION Y ANALISIS DE SISTEMAS,1,5,5,3,4,2,CASA CENTRAL (SANTIAGO),1,1,True,4,True
TPAS,TECNICO EN PROGRAMACION Y ANALISIS DE SISTEMAS,V,V1,I162S2C57J2V1,100%,Mapeo oficial,I162S2C57J2V1,TECNICO EN PROGRAMACION Y ANALISIS DE SISTEMAS,1,5,5,1,2,2,CASA CENTRAL (SANTIAGO),1,1,True,2,True
TPCRE,TECNICO EN PROGRAMACION COMPUTACIONAL,O,V1,I162S2C2J4V1,95%,Mapeo online,I162S2C2J4V1,TECNICO EN PROGRAMACION COMPUTACIONAL,1,5,5,3,4,2,CASA CENTRAL (SANTIAGO),1,1,True,4,True
TPCRE,TECNICO EN PROGRAMACION COMPUTACIONAL,O,V2,I162S2C2J4V2,95%,Mapeo online,I162S2C2J4V2,TECNICO EN PROGRAMACION COMPUTACIONAL,1,5,5,3,4,2,CASA CENTRAL (SANTIAGO),1,1,True,4,True
TPRE,TECNICO EN PREVENCION DE RIESGOS,O,V1,I162S2C10J4V1,95%,Mapeo online,I162S2C10J4V1,TECNICO EN PREVENCION DE RIESGOS,1,5,5,3,4,2,CASA CENTRAL (SANTIAGO),1,1,True,4,True
TRHU,TECNICO EN RECURSOS HUMANOS,O,V1,I162S2C119J4V1,95%,Mapeo online,I162S2C119J4V1,TECNICO EN RECURSOS HUMANOS,1,5,5,3,4,2,CASA CENTRAL (SANTIAGO),1,1,True,4,True
TTMRE,TECNICO EN CONECTIVIDAD Y REDES,D,V1,I162S2C6J2V1,100%,Mapeo oficial,I162S2C6J2V1,TECNICO EN CONECTIVIDAD Y REDES,1,5,5,1,2,2,CASA CENTRAL (SANTIAGO),1,1,True,1,False
TTMRE,TECNICO EN CONECTIVIDAD Y REDES,D,V2,I162S2C6J2V2,100%,Mapeo oficial,I162S2C6J2V2,TECNICO EN CONECTIVIDAD Y REDES,1,5,5,1,2,2,CASA CENTRAL (SANTIAGO),1,1,True,1,False
TTMRE,TECNICO EN CONECTIVIDAD Y REDES,V,V1,I162S2C6J2V1,100%,Mapeo oficial,I162S2C6J2V1,TECNICO EN CONECTIVIDAD Y REDES,1,5,5,1,2,2,CASA CENTRAL (SANTIAGO),1,1,True,2,True
TTMRE,TECNICO EN CONECTIVIDAD Y REDES,V,V2,I162S2C6J2V2,100%,Mapeo oficial,I162S2C6J2V2,TECNICO EN CONECTIVIDAD Y REDES,1,5,5,1,2,2,CASA CENTRAL (SANTIAGO),1,1,True,2,True
TTMREOL,TECNICO EN CONECTIVIDAD Y REDES,O,V1,I162S2C6J4V1,95%,Mapeo online,I162S2C6J4V1,TECNICO EN CONECTIVIDAD Y REDES,1,5,5,3,4,2,CASA CENTRAL (SANTIAGO),1,1,True,4,True
TTMREOL,TECNICO EN CONECTIVIDAD Y REDES,O,V2,I162S2C6J4V2,95%,Mapeo online,I162S2C6J4V2,TECNICO EN CONECTIVIDAD Y REDES,1,5,5,3,4,2,CASA CENTRAL (SANTIAGO),1,1,True,4,True
